step	loss
0	0.5580868124961853
1	0.10391223430633545
2	0.08922390639781952
3	0.03631636127829552
4	0.02656080760061741
5	0.02535446546971798
6	0.02567686140537262
7	0.022018954157829285
8	0.0222131609916687
9	0.02141244150698185
10	0.0212715994566679
