{
    "train": {
        "loss": 0.03766357898712158
    },
    "eval": {
        "loss": 0.0212715994566679
    },
    "dice_multi": 0.9112349303094026,
    "step": 10
}
